1001, 650, 0, 710, 10, 163.811616937182, 40, 0, 0.0436332312998582, 3.14159265358979,  0.785398, 0.244346095279206, 80, 87.53, 163.811616937182, 500, 0.148352986419518, 76.581, 76.581, 152.4, 38.1, 3, 0.6  
1002, 700, 157.989863108983, 692.198817649095, 10, 163.811616937182, 40, 0.224399475256414, 0.0436332312998582, 3.14159265358979,  0.785398, 0.244346095279206, 80, 87.53, 163.811616937182, 500, 0.148352986419518, 76.581, 76.581, 152.4, 38.1, 3, 0.6  
1003, 650, 308.057454773466, 639.687896210718, 10, 163.811616937182, 40, 0.448798950512828, 0.0436332312998582, 3.14159265358979,  0.785398, 0.244346095279206, 80, 87.53, 163.811616937182, 500, 0.148352986419518, 76.581, 76.581, 152.4, 38.1, 3, 0.6  
1004, 700, 442.677759319701, 555.100352552301, 10, 163.811616937182, 40, 0.673198425769241, 0.0436332312998582, 3.14159265358979,  0.785398, 0.244346095279206, 80, 87.53, 163.811616937182, 500, 0.148352986419518, 76.581, 76.581, 152.4, 38.1, 3, 0.6  
1005, 650, 555.100352552301, 442.677759319701, 10, 163.811616937182, 40, 0.897597901025655, 0.0436332312998582, 3.14159265358979,  0.785398, 0.244346095279206, 80, 87.53, 163.811616937182, 500, 0.148352986419518, 76.581, 76.581, 152.4, 38.1, 3, 0.6  
1006, 700, 639.687896210718, 308.057454773466, 10, 163.811616937182, 40, 1.12199737628207, 0.0436332312998582, 3.14159265358979,  0.785398, 0.244346095279206, 80, 87.53, 163.811616937182, 500, 0.148352986419518, 76.581, 76.581, 152.4, 38.1, 3, 0.6  
1007, 650, 692.198817649095, 157.989863108983, 10, 163.811616937182, 40, 1.34639685153848, 0.0436332312998582, 3.14159265358979,  0.785398, 0.244346095279206, 80, 87.53, 163.811616937182, 500, 0.148352986419518, 76.581, 76.581, 152.4, 38.1, 3, 0.6  
1008, 700, 710, 4.3474961369731e-14, 10, 163.811616937182, 40, 1.5707963267949, 0.0436332312998582, 3.14159265358979,  0.785398, 0.244346095279206, 80, 87.53, 163.811616937182, 500, 0.148352986419518, 76.581, 76.581, 152.4, 38.1, 3, 0.6  
1009, 650, 692.198817649095, -157.989863108983, 10, 163.811616937182, 40, 1.79519580205131, 0.0436332312998582, 3.14159265358979,  0.785398, 0.244346095279206, 80, 87.53, 163.811616937182, 500, 0.148352986419518, 76.581, 76.581, 152.4, 38.1, 3, 0.6  
1010, 700, 639.687896210718, -308.057454773466, 10, 163.811616937182, 40, 2.01959527730772, 0.0436332312998582, 3.14159265358979,  0.785398, 0.244346095279206, 80, 87.53, 163.811616937182, 500, 0.148352986419518, 76.581, 76.581, 152.4, 38.1, 3, 0.6  
1011, 650, 555.100352552301, -442.677759319701, 10, 163.811616937182, 40, 2.24399475256414, 0.0436332312998582, 3.14159265358979,  0.785398, 0.244346095279206, 80, 87.53, 163.811616937182, 500, 0.148352986419518, 76.581, 76.581, 152.4, 38.1, 3, 0.6  
1012, 700, 442.677759319701, -555.100352552301, 10, 163.811616937182, 40, 2.46839422782055, 0.0436332312998582, 3.14159265358979,  0.785398, 0.244346095279206, 80, 87.53, 163.811616937182, 500, 0.148352986419518, 76.581, 76.581, 152.4, 38.1, 3, 0.6  
1013, 650, 308.057454773466, -639.687896210718, 10, 163.811616937182, 40, 2.69279370307697, 0.0436332312998582, 3.14159265358979,  0.785398, 0.244346095279206, 80, 87.53, 163.811616937182, 500, 0.148352986419518, 76.581, 76.581, 152.4, 38.1, 3, 0.6  
1014, 700, 157.989863108983, -692.198817649095, 10, 163.811616937182, 40, 2.91719317833338, 0.0436332312998582, 3.14159265358979,  0.785398, 0.244346095279206, 80, 87.53, 163.811616937182, 500, 0.148352986419518, 76.581, 76.581, 152.4, 38.1, 3, 0.6  
1015, 650, 8.69499227394621e-14, -710, 10, 163.811616937182, 40, 3.14159265358979, 0.0436332312998582, 3.14159265358979,  0.785398, 0.244346095279206, 80, 87.53, 163.811616937182, 500, 0.148352986419518, 76.581, 76.581, 152.4, 38.1, 3, 0.6  
1016, 700, -157.989863108983, -692.198817649095, 10, 163.811616937182, 40, 3.36599212884621, 0.0436332312998582, 3.14159265358979,  0.785398, 0.244346095279206, 80, 87.53, 163.811616937182, 500, 0.148352986419518, 76.581, 76.581, 152.4, 38.1, 3, 0.6  
1017, 650, -308.057454773466, -639.687896210718, 10, 163.811616937182, 40, 3.59039160410262, 0.0436332312998582, 3.14159265358979,  0.785398, 0.244346095279206, 80, 87.53, 163.811616937182, 500, 0.148352986419518, 76.581, 76.581, 152.4, 38.1, 3, 0.6  
1018, 700, -442.677759319701, -555.100352552301, 10, 163.811616937182, 40, 3.81479107935903, 0.0436332312998582, 3.14159265358979,  0.785398, 0.244346095279206, 80, 87.53, 163.811616937182, 500, 0.148352986419518, 76.581, 76.581, 152.4, 38.1, 3, 0.6  
1019, 650, -555.100352552301, -442.677759319701, 10, 163.811616937182, 40, 4.03919055461545, 0.0436332312998582, 3.14159265358979,  0.785398, 0.244346095279206, 80, 87.53, 163.811616937182, 500, 0.148352986419518, 76.581, 76.581, 152.4, 38.1, 3, 0.6  
1020, 700, -639.687896210718, -308.057454773466, 10, 163.811616937182, 40, 4.26359002987186, 0.0436332312998582, 3.14159265358979,  0.785398, 0.244346095279206, 80, 87.53, 163.811616937182, 500, 0.148352986419518, 76.581, 76.581, 152.4, 38.1, 3, 0.6  
1021, 650, -692.198817649095, -157.989863108983, 10, 163.811616937182, 40, 4.48798950512828, 0.0436332312998582, 3.14159265358979,  0.785398, 0.244346095279206, 80, 87.53, 163.811616937182, 500, 0.148352986419518, 76.581, 76.581, 152.4, 38.1, 3, 0.6  
1022, 700, -710, -1.30424884109193e-13, 10, 163.811616937182, 40, 4.71238898038469, 0.0436332312998582, 3.14159265358979,  0.785398, 0.244346095279206, 80, 87.53, 163.811616937182, 500, 0.148352986419518, 76.581, 76.581, 152.4, 38.1, 3, 0.6  
1023, 650, -692.198817649095, 157.989863108982, 10, 163.811616937182, 40, 4.9367884556411, 0.0436332312998582, 3.14159265358979,  0.785398, 0.244346095279206, 80, 87.53, 163.811616937182, 500, 0.148352986419518, 76.581, 76.581, 152.4, 38.1, 3, 0.6  
1024, 700, -639.687896210718, 308.057454773466, 10, 163.811616937182, 40, 5.16118793089752, 0.0436332312998582, 3.14159265358979,  0.785398, 0.244346095279206, 80, 87.53, 163.811616937182, 500, 0.148352986419518, 76.581, 76.581, 152.4, 38.1, 3, 0.6  
1025, 650, -555.100352552301, 442.677759319701, 10, 163.811616937182, 40, 5.38558740615393, 0.0436332312998582, 3.14159265358979,  0.785398, 0.244346095279206, 80, 87.53, 163.811616937182, 500, 0.148352986419518, 76.581, 76.581, 152.4, 38.1, 3, 0.6  
1026, 700, -442.677759319701, 555.100352552301, 10, 163.811616937182, 40, 5.60998688141034, 0.0436332312998582, 3.14159265358979,  0.785398, 0.244346095279206, 80, 87.53, 163.811616937182, 500, 0.148352986419518, 76.581, 76.581, 152.4, 38.1, 3, 0.6  
1027, 650, -308.057454773466, 639.687896210718, 10, 163.811616937182, 40, 5.83438635666676, 0.0436332312998582, 3.14159265358979,  0.785398, 0.244346095279206, 80, 87.53, 163.811616937182, 500, 0.148352986419518, 76.581, 76.581, 152.4, 38.1, 3, 0.6  
1028, 700, -157.989863108983, 692.198817649095, 10, 163.811616937182, 40, 6.05878583192317, 0.0436332312998582, 3.14159265358979,  0.785398, 0.244346095279206, 80, 87.53, 163.811616937182, 500, 0.148352986419518, 76.581, 76.581, 152.4, 38.1, 3, 0.6  
2001, 530, 0, 755, 10, 175.031590700003, 50, 0, 0.0436332312998582, 3.14159265358979,  0.785398, 0.200712863979348, 80, 87.53, 175.031590700003, 475, 0.200712863979348, 76.581, 76.581, 152.4, 38.1, 3, 0.6  
2002, 590, 168.003305137017, 736.070573697277, 10, 175.031590700003, 50, 0.224399475256414, 0.0436332312998582, 3.14159265358979,  0.785398, 0.200712863979348, 80, 87.53, 175.031590700003, 475, 0.200712863979348, 76.581, 76.581, 152.4, 38.1, 3, 0.6  
2003, 530, 327.582223033756, 680.231495266326, 10, 175.031590700003, 50, 0.448798950512828, 0.0436332312998582, 3.14159265358979,  0.785398, 0.200712863979348, 80, 87.53, 175.031590700003, 475, 0.200712863979348, 76.581, 76.581, 152.4, 38.1, 3, 0.6  
2004, 590, 470.734800403344, 590.282769263363, 10, 175.031590700003, 50, 0.673198425769241, 0.0436332312998582, 3.14159265358979,  0.785398, 0.200712863979348, 80, 87.53, 175.031590700003, 475, 0.200712863979348, 76.581, 76.581, 152.4, 38.1, 3, 0.6  
2005, 530, 590.282769263363, 470.734800403344, 10, 175.031590700003, 50, 0.897597901025655, 0.0436332312998582, 3.14159265358979,  0.785398, 0.200712863979348, 80, 87.53, 175.031590700003, 475, 0.200712863979348, 76.581, 76.581, 152.4, 38.1, 3, 0.6  
2006, 590, 680.231495266326, 327.582223033756, 10, 175.031590700003, 50, 1.12199737628207, 0.0436332312998582, 3.14159265358979,  0.785398, 0.200712863979348, 80, 87.53, 175.031590700003, 475, 0.200712863979348, 76.581, 76.581, 152.4, 38.1, 3, 0.6  
2007, 530, 736.070573697277, 168.003305137017, 10, 175.031590700003, 50, 1.34639685153848, 0.0436332312998582, 3.14159265358979,  0.785398, 0.200712863979348, 80, 87.53, 175.031590700003, 475, 0.200712863979348, 76.581, 76.581, 152.4, 38.1, 3, 0.6  
2008, 590, 755, 4.62304166678126e-14, 10, 175.031590700003, 50, 1.5707963267949, 0.0436332312998582, 3.14159265358979,  0.785398, 0.200712863979348, 80, 87.53, 175.031590700003, 475, 0.200712863979348, 76.581, 76.581, 152.4, 38.1, 3, 0.6  
2009, 530, 736.070573697277, -168.003305137017, 10, 175.031590700003, 50, 1.79519580205131, 0.0436332312998582, 3.14159265358979,  0.785398, 0.200712863979348, 80, 87.53, 175.031590700003, 475, 0.200712863979348, 76.581, 76.581, 152.4, 38.1, 3, 0.6  
2010, 590, 680.231495266326, -327.582223033756, 10, 175.031590700003, 50, 2.01959527730772, 0.0436332312998582, 3.14159265358979,  0.785398, 0.200712863979348, 80, 87.53, 175.031590700003, 475, 0.200712863979348, 76.581, 76.581, 152.4, 38.1, 3, 0.6  
2011, 530, 590.282769263363, -470.734800403344, 10, 175.031590700003, 50, 2.24399475256414, 0.0436332312998582, 3.14159265358979,  0.785398, 0.200712863979348, 80, 87.53, 175.031590700003, 475, 0.200712863979348, 76.581, 76.581, 152.4, 38.1, 3, 0.6  
2012, 590, 470.734800403344, -590.282769263362, 10, 175.031590700003, 50, 2.46839422782055, 0.0436332312998582, 3.14159265358979,  0.785398, 0.200712863979348, 80, 87.53, 175.031590700003, 475, 0.200712863979348, 76.581, 76.581, 152.4, 38.1, 3, 0.6  
2013, 530, 327.582223033756, -680.231495266326, 10, 175.031590700003, 50, 2.69279370307697, 0.0436332312998582, 3.14159265358979,  0.785398, 0.200712863979348, 80, 87.53, 175.031590700003, 475, 0.200712863979348, 76.581, 76.581, 152.4, 38.1, 3, 0.6  
2014, 590, 168.003305137017, -736.070573697277, 10, 175.031590700003, 50, 2.91719317833338, 0.0436332312998582, 3.14159265358979,  0.785398, 0.200712863979348, 80, 87.53, 175.031590700003, 475, 0.200712863979348, 76.581, 76.581, 152.4, 38.1, 3, 0.6  
2015, 530, 9.24608333356252e-14, -755, 10, 175.031590700003, 50, 3.14159265358979, 0.0436332312998582, 3.14159265358979,  0.785398, 0.200712863979348, 80, 87.53, 175.031590700003, 475, 0.200712863979348, 76.581, 76.581, 152.4, 38.1, 3, 0.6  
2016, 590, -168.003305137017, -736.070573697277, 10, 175.031590700003, 50, 3.36599212884621, 0.0436332312998582, 3.14159265358979,  0.785398, 0.200712863979348, 80, 87.53, 175.031590700003, 475, 0.200712863979348, 76.581, 76.581, 152.4, 38.1, 3, 0.6  
2017, 530, -327.582223033756, -680.231495266326, 10, 175.031590700003, 50, 3.59039160410262, 0.0436332312998582, 3.14159265358979,  0.785398, 0.200712863979348, 80, 87.53, 175.031590700003, 475, 0.200712863979348, 76.581, 76.581, 152.4, 38.1, 3, 0.6  
2018, 590, -470.734800403344, -590.282769263362, 10, 175.031590700003, 50, 3.81479107935903, 0.0436332312998582, 3.14159265358979,  0.785398, 0.200712863979348, 80, 87.53, 175.031590700003, 475, 0.200712863979348, 76.581, 76.581, 152.4, 38.1, 3, 0.6  
2019, 530, -590.282769263362, -470.734800403344, 10, 175.031590700003, 50, 4.03919055461545, 0.0436332312998582, 3.14159265358979,  0.785398, 0.200712863979348, 80, 87.53, 175.031590700003, 475, 0.200712863979348, 76.581, 76.581, 152.4, 38.1, 3, 0.6  
2020, 590, -680.231495266326, -327.582223033757, 10, 175.031590700003, 50, 4.26359002987186, 0.0436332312998582, 3.14159265358979,  0.785398, 0.200712863979348, 80, 87.53, 175.031590700003, 475, 0.200712863979348, 76.581, 76.581, 152.4, 38.1, 3, 0.6  
2021, 530, -736.070573697277, -168.003305137018, 10, 175.031590700003, 50, 4.48798950512828, 0.0436332312998582, 3.14159265358979,  0.785398, 0.200712863979348, 80, 87.53, 175.031590700003, 475, 0.200712863979348, 76.581, 76.581, 152.4, 38.1, 3, 0.6  
2022, 590, -755, -1.38691250003438e-13, 10, 175.031590700003, 50, 4.71238898038469, 0.0436332312998582, 3.14159265358979,  0.785398, 0.200712863979348, 80, 87.53, 175.031590700003, 475, 0.200712863979348, 76.581, 76.581, 152.4, 38.1, 3, 0.6  
2023, 530, -736.070573697277, 168.003305137017, 10, 175.031590700003, 50, 4.9367884556411, 0.0436332312998582, 3.14159265358979,  0.785398, 0.200712863979348, 80, 87.53, 175.031590700003, 475, 0.200712863979348, 76.581, 76.581, 152.4, 38.1, 3, 0.6  
2024, 590, -680.231495266327, 327.582223033756, 10, 175.031590700003, 50, 5.16118793089752, 0.0436332312998582, 3.14159265358979,  0.785398, 0.200712863979348, 80, 87.53, 175.031590700003, 475, 0.200712863979348, 76.581, 76.581, 152.4, 38.1, 3, 0.6  
2025, 530, -590.282769263363, 470.734800403344, 10, 175.031590700003, 50, 5.38558740615393, 0.0436332312998582, 3.14159265358979,  0.785398, 0.200712863979348, 80, 87.53, 175.031590700003, 475, 0.200712863979348, 76.581, 76.581, 152.4, 38.1, 3, 0.6  
2026, 590, -470.734800403344, 590.282769263362, 10, 175.031590700003, 50, 5.60998688141034, 0.0436332312998582, 3.14159265358979,  0.785398, 0.200712863979348, 80, 87.53, 175.031590700003, 475, 0.200712863979348, 76.581, 76.581, 152.4, 38.1, 3, 0.6  
2027, 530, -327.582223033756, 680.231495266327, 10, 175.031590700003, 50, 5.83438635666676, 0.0436332312998582, 3.14159265358979,  0.785398, 0.200712863979348, 80, 87.53, 175.031590700003, 475, 0.200712863979348, 76.581, 76.581, 152.4, 38.1, 3, 0.6  
2028, 590, -168.003305137018, 736.070573697277, 10, 175.031590700003, 50, 6.05878583192317, 0.0436332312998582, 3.14159265358979,  0.785398, 0.200712863979348, 80, 87.53, 175.031590700003, 475, 0.200712863979348, 76.581, 76.581, 152.4, 38.1, 3, 0.6  
3001, 390, 0, 817.5, 10, 191.861551344234, 75, 0, 0.0436332312998582, 3.14159265358979,  0.785398, 0.200712863979348, 80, 87.53, 191.861551344234, 400, 0.200712863979348, 76.581, 76.581, 152.4, 38.1, 3, 0.6  
3002, 440, 181.910863509287, 797.003568208641, 10, 191.861551344234, 75, 0.224399475256414, 0.0436332312998582, 3.14159265358979,  0.785398, 0.200712863979348, 80, 87.53, 191.861551344234, 400, 0.200712863979348, 76.581, 76.581, 152.4, 38.1, 3, 0.6  
3003, 390, 354.699956728604, 736.542049510228, 10, 191.861551344234, 75, 0.448798950512828, 0.0436332312998582, 3.14159265358979,  0.785398, 0.200712863979348, 80, 87.53, 191.861551344234, 400, 0.200712863979348, 76.581, 76.581, 152.4, 38.1, 3, 0.6  
3004, 440, 509.702913019515, 639.147236917614, 10, 191.861551344234, 75, 0.673198425769241, 0.0436332312998582, 3.14159265358979,  0.785398, 0.200712863979348, 80, 87.53, 191.861551344234, 400, 0.200712863979348, 76.581, 76.581, 152.4, 38.1, 3, 0.6  
3005, 390, 639.147236917614, 509.702913019515, 10, 191.861551344234, 75, 0.897597901025655, 0.0436332312998582, 3.14159265358979,  0.785398, 0.200712863979348, 80, 87.53, 191.861551344234, 400, 0.200712863979348, 76.581, 76.581, 152.4, 38.1, 3, 0.6  
3006, 440, 736.542049510228, 354.699956728604, 10, 191.861551344234, 75, 1.12199737628207, 0.0436332312998582, 3.14159265358979,  0.785398, 0.200712863979348, 80, 87.53, 191.861551344234, 400, 0.200712863979348, 76.581, 76.581, 152.4, 38.1, 3, 0.6  
3007, 390, 797.003568208641, 181.910863509287, 10, 191.861551344234, 75, 1.34639685153848, 0.0436332312998582, 3.14159265358979,  0.785398, 0.200712863979348, 80, 87.53, 191.861551344234, 400, 0.200712863979348, 76.581, 76.581, 152.4, 38.1, 3, 0.6  
3008, 440, 817.5, 5.00574379151481e-14, 10, 191.861551344234, 75, 1.5707963267949, 0.0436332312998582, 3.14159265358979,  0.785398, 0.200712863979348, 80, 87.53, 191.861551344234, 400, 0.200712863979348, 76.581, 76.581, 152.4, 38.1, 3, 0.6  
3009, 390, 797.003568208641, -181.910863509287, 10, 191.861551344234, 75, 1.79519580205131, 0.0436332312998582, 3.14159265358979,  0.785398, 0.200712863979348, 80, 87.53, 191.861551344234, 400, 0.200712863979348, 76.581, 76.581, 152.4, 38.1, 3, 0.6  
3010, 440, 736.542049510228, -354.699956728604, 10, 191.861551344234, 75, 2.01959527730772, 0.0436332312998582, 3.14159265358979,  0.785398, 0.200712863979348, 80, 87.53, 191.861551344234, 400, 0.200712863979348, 76.581, 76.581, 152.4, 38.1, 3, 0.6  
3011, 390, 639.147236917614, -509.702913019515, 10, 191.861551344234, 75, 2.24399475256414, 0.0436332312998582, 3.14159265358979,  0.785398, 0.200712863979348, 80, 87.53, 191.861551344234, 400, 0.200712863979348, 76.581, 76.581, 152.4, 38.1, 3, 0.6  
3012, 440, 509.702913019515, -639.147236917614, 10, 191.861551344234, 75, 2.46839422782055, 0.0436332312998582, 3.14159265358979,  0.785398, 0.200712863979348, 80, 87.53, 191.861551344234, 400, 0.200712863979348, 76.581, 76.581, 152.4, 38.1, 3, 0.6  
3013, 390, 354.699956728604, -736.542049510228, 10, 191.861551344234, 75, 2.69279370307697, 0.0436332312998582, 3.14159265358979,  0.785398, 0.200712863979348, 80, 87.53, 191.861551344234, 400, 0.200712863979348, 76.581, 76.581, 152.4, 38.1, 3, 0.6  
3014, 440, 181.910863509287, -797.003568208641, 10, 191.861551344234, 75, 2.91719317833338, 0.0436332312998582, 3.14159265358979,  0.785398, 0.200712863979348, 80, 87.53, 191.861551344234, 400, 0.200712863979348, 76.581, 76.581, 152.4, 38.1, 3, 0.6  
3015, 390, 1.00114875830296e-13, -817.5, 10, 191.861551344234, 75, 3.14159265358979, 0.0436332312998582, 3.14159265358979,  0.785398, 0.200712863979348, 80, 87.53, 191.861551344234, 400, 0.200712863979348, 76.581, 76.581, 152.4, 38.1, 3, 0.6  
3016, 440, -181.910863509287, -797.003568208641, 10, 191.861551344234, 75, 3.36599212884621, 0.0436332312998582, 3.14159265358979,  0.785398, 0.200712863979348, 80, 87.53, 191.861551344234, 400, 0.200712863979348, 76.581, 76.581, 152.4, 38.1, 3, 0.6  
3017, 390, -354.699956728604, -736.542049510228, 10, 191.861551344234, 75, 3.59039160410262, 0.0436332312998582, 3.14159265358979,  0.785398, 0.200712863979348, 80, 87.53, 191.861551344234, 400, 0.200712863979348, 76.581, 76.581, 152.4, 38.1, 3, 0.6  
3018, 440, -509.702913019515, -639.147236917614, 10, 191.861551344234, 75, 3.81479107935903, 0.0436332312998582, 3.14159265358979,  0.785398, 0.200712863979348, 80, 87.53, 191.861551344234, 400, 0.200712863979348, 76.581, 76.581, 152.4, 38.1, 3, 0.6  
3019, 390, -639.147236917614, -509.702913019515, 10, 191.861551344234, 75, 4.03919055461545, 0.0436332312998582, 3.14159265358979,  0.785398, 0.200712863979348, 80, 87.53, 191.861551344234, 400, 0.200712863979348, 76.581, 76.581, 152.4, 38.1, 3, 0.6  
3020, 440, -736.542049510228, -354.699956728604, 10, 191.861551344234, 75, 4.26359002987186, 0.0436332312998582, 3.14159265358979,  0.785398, 0.200712863979348, 80, 87.53, 191.861551344234, 400, 0.200712863979348, 76.581, 76.581, 152.4, 38.1, 3, 0.6  
3021, 390, -797.003568208641, -181.910863509287, 10, 191.861551344234, 75, 4.48798950512828, 0.0436332312998582, 3.14159265358979,  0.785398, 0.200712863979348, 80, 87.53, 191.861551344234, 400, 0.200712863979348, 76.581, 76.581, 152.4, 38.1, 3, 0.6  
3022, 440, -817.5, -1.50172313745444e-13, 10, 191.861551344234, 75, 4.71238898038469, 0.0436332312998582, 3.14159265358979,  0.785398, 0.200712863979348, 80, 87.53, 191.861551344234, 400, 0.200712863979348, 76.581, 76.581, 152.4, 38.1, 3, 0.6  
3023, 390, -797.003568208641, 181.910863509286, 10, 191.861551344234, 75, 4.9367884556411, 0.0436332312998582, 3.14159265358979,  0.785398, 0.200712863979348, 80, 87.53, 191.861551344234, 400, 0.200712863979348, 76.581, 76.581, 152.4, 38.1, 3, 0.6  
3024, 440, -736.542049510228, 354.699956728604, 10, 191.861551344234, 75, 5.16118793089752, 0.0436332312998582, 3.14159265358979,  0.785398, 0.200712863979348, 80, 87.53, 191.861551344234, 400, 0.200712863979348, 76.581, 76.581, 152.4, 38.1, 3, 0.6  
3025, 390, -639.147236917614, 509.702913019515, 10, 191.861551344234, 75, 5.38558740615393, 0.0436332312998582, 3.14159265358979,  0.785398, 0.200712863979348, 80, 87.53, 191.861551344234, 400, 0.200712863979348, 76.581, 76.581, 152.4, 38.1, 3, 0.6  
3026, 440, -509.702913019515, 639.147236917614, 10, 191.861551344234, 75, 5.60998688141034, 0.0436332312998582, 3.14159265358979,  0.785398, 0.200712863979348, 80, 87.53, 191.861551344234, 400, 0.200712863979348, 76.581, 76.581, 152.4, 38.1, 3, 0.6  
3027, 390, -354.699956728603, 736.542049510228, 10, 191.861551344234, 75, 5.83438635666676, 0.0436332312998582, 3.14159265358979,  0.785398, 0.200712863979348, 80, 87.53, 191.861551344234, 400, 0.200712863979348, 76.581, 76.581, 152.4, 38.1, 3, 0.6  
3028, 440, -181.910863509287, 797.003568208641, 10, 191.861551344234, 75, 6.05878583192317, 0.0436332312998582, 3.14159265358979,  0.785398, 0.200712863979348, 80, 87.53, 191.861551344234, 400, 0.200712863979348, 76.581, 76.581, 152.4, 38.1, 3, 0.6  
4001, 240, 0, 892.5, 10, 208.691511988465, 75, 0, 0.0436332312998582, 3.14159265358979,  0.785398, 0.200712863979348, 80, 87.53, 208.691511988465, 312.5, 0.200712863979348, 76.581, 76.581, 152.4, 38.1, 3, 0.6  
4002, 290, 198.599933556011, 870.123161622278, 10, 208.691511988465, 75, 0.224399475256414, 0.0436332312998582, 3.14159265358979,  0.785398, 0.200712863979348, 80, 87.53, 208.691511988465, 312.5, 0.200712863979348, 76.581, 76.581, 152.4, 38.1, 3, 0.6  
4003, 240, 387.241237162421, 804.114714602909, 10, 208.691511988465, 75, 0.448798950512828, 0.0436332312998582, 3.14159265358979,  0.785398, 0.200712863979348, 80, 87.53, 208.691511988465, 312.5, 0.200712863979348, 76.581, 76.581, 152.4, 38.1, 3, 0.6  
4004, 290, 556.46464815892, 697.784598102717, 10, 208.691511988465, 75, 0.673198425769241, 0.0436332312998582, 3.14159265358979,  0.785398, 0.200712863979348, 80, 87.53, 208.691511988465, 312.5, 0.200712863979348, 76.581, 76.581, 152.4, 38.1, 3, 0.6  
4005, 240, 697.784598102717, 556.46464815892, 10, 208.691511988465, 75, 0.897597901025655, 0.0436332312998582, 3.14159265358979,  0.785398, 0.200712863979348, 80, 87.53, 208.691511988465, 312.5, 0.200712863979348, 76.581, 76.581, 152.4, 38.1, 3, 0.6  
4006, 290, 804.114714602909, 387.241237162421, 10, 208.691511988465, 75, 1.12199737628207, 0.0436332312998582, 3.14159265358979,  0.785398, 0.200712863979348, 80, 87.53, 208.691511988465, 312.5, 0.200712863979348, 76.581, 76.581, 152.4, 38.1, 3, 0.6  
4007, 240, 870.123161622278, 198.599933556011, 10, 208.691511988465, 75, 1.34639685153848, 0.0436332312998582, 3.14159265358979,  0.785398, 0.200712863979348, 80, 87.53, 208.691511988465, 312.5, 0.200712863979348, 76.581, 76.581, 152.4, 38.1, 3, 0.6  
4008, 290, 892.5, 5.46498634119506e-14, 10, 208.691511988465, 75, 1.5707963267949, 0.0436332312998582, 3.14159265358979,  0.785398, 0.200712863979348, 80, 87.53, 208.691511988465, 312.5, 0.200712863979348, 76.581, 76.581, 152.4, 38.1, 3, 0.6  
4009, 240, 870.123161622278, -198.599933556011, 10, 208.691511988465, 75, 1.79519580205131, 0.0436332312998582, 3.14159265358979,  0.785398, 0.200712863979348, 80, 87.53, 208.691511988465, 312.5, 0.200712863979348, 76.581, 76.581, 152.4, 38.1, 3, 0.6  
4010, 290, 804.114714602909, -387.241237162421, 10, 208.691511988465, 75, 2.01959527730772, 0.0436332312998582, 3.14159265358979,  0.785398, 0.200712863979348, 80, 87.53, 208.691511988465, 312.5, 0.200712863979348, 76.581, 76.581, 152.4, 38.1, 3, 0.6  
4011, 240, 697.784598102717, -556.46464815892, 10, 208.691511988465, 75, 2.24399475256414, 0.0436332312998582, 3.14159265358979,  0.785398, 0.200712863979348, 80, 87.53, 208.691511988465, 312.5, 0.200712863979348, 76.581, 76.581, 152.4, 38.1, 3, 0.6  
4012, 290, 556.46464815892, -697.784598102716, 10, 208.691511988465, 75, 2.46839422782055, 0.0436332312998582, 3.14159265358979,  0.785398, 0.200712863979348, 80, 87.53, 208.691511988465, 312.5, 0.200712863979348, 76.581, 76.581, 152.4, 38.1, 3, 0.6  
4013, 240, 387.241237162421, -804.114714602909, 10, 208.691511988465, 75, 2.69279370307697, 0.0436332312998582, 3.14159265358979,  0.785398, 0.200712863979348, 80, 87.53, 208.691511988465, 312.5, 0.200712863979348, 76.581, 76.581, 152.4, 38.1, 3, 0.6  
4014, 290, 198.59993355601, -870.123161622278, 10, 208.691511988465, 75, 2.91719317833338, 0.0436332312998582, 3.14159265358979,  0.785398, 0.200712863979348, 80, 87.53, 208.691511988465, 312.5, 0.200712863979348, 76.581, 76.581, 152.4, 38.1, 3, 0.6  
4015, 240, 1.09299726823901e-13, -892.5, 10, 208.691511988465, 75, 3.14159265358979, 0.0436332312998582, 3.14159265358979,  0.785398, 0.200712863979348, 80, 87.53, 208.691511988465, 312.5, 0.200712863979348, 76.581, 76.581, 152.4, 38.1, 3, 0.6  
4016, 290, -198.59993355601, -870.123161622278, 10, 208.691511988465, 75, 3.36599212884621, 0.0436332312998582, 3.14159265358979,  0.785398, 0.200712863979348, 80, 87.53, 208.691511988465, 312.5, 0.200712863979348, 76.581, 76.581, 152.4, 38.1, 3, 0.6  
4017, 240, -387.241237162421, -804.114714602909, 10, 208.691511988465, 75, 3.59039160410262, 0.0436332312998582, 3.14159265358979,  0.785398, 0.200712863979348, 80, 87.53, 208.691511988465, 312.5, 0.200712863979348, 76.581, 76.581, 152.4, 38.1, 3, 0.6  
4018, 290, -556.46464815892, -697.784598102716, 10, 208.691511988465, 75, 3.81479107935903, 0.0436332312998582, 3.14159265358979,  0.785398, 0.200712863979348, 80, 87.53, 208.691511988465, 312.5, 0.200712863979348, 76.581, 76.581, 152.4, 38.1, 3, 0.6  
4019, 240, -697.784598102716, -556.46464815892, 10, 208.691511988465, 75, 4.03919055461545, 0.0436332312998582, 3.14159265358979,  0.785398, 0.200712863979348, 80, 87.53, 208.691511988465, 312.5, 0.200712863979348, 76.581, 76.581, 152.4, 38.1, 3, 0.6  
4020, 290, -804.114714602909, -387.241237162421, 10, 208.691511988465, 75, 4.26359002987186, 0.0436332312998582, 3.14159265358979,  0.785398, 0.200712863979348, 80, 87.53, 208.691511988465, 312.5, 0.200712863979348, 76.581, 76.581, 152.4, 38.1, 3, 0.6  
4021, 240, -870.123161622278, -198.599933556011, 10, 208.691511988465, 75, 4.48798950512828, 0.0436332312998582, 3.14159265358979,  0.785398, 0.200712863979348, 80, 87.53, 208.691511988465, 312.5, 0.200712863979348, 76.581, 76.581, 152.4, 38.1, 3, 0.6  
4022, 290, -892.5, -1.63949590235852e-13, 10, 208.691511988465, 75, 4.71238898038469, 0.0436332312998582, 3.14159265358979,  0.785398, 0.200712863979348, 80, 87.53, 208.691511988465, 312.5, 0.200712863979348, 76.581, 76.581, 152.4, 38.1, 3, 0.6  
4023, 240, -870.123161622278, 198.59993355601, 10, 208.691511988465, 75, 4.9367884556411, 0.0436332312998582, 3.14159265358979,  0.785398, 0.200712863979348, 80, 87.53, 208.691511988465, 312.5, 0.200712863979348, 76.581, 76.581, 152.4, 38.1, 3, 0.6  
4024, 290, -804.114714602909, 387.24123716242, 10, 208.691511988465, 75, 5.16118793089752, 0.0436332312998582, 3.14159265358979,  0.785398, 0.200712863979348, 80, 87.53, 208.691511988465, 312.5, 0.200712863979348, 76.581, 76.581, 152.4, 38.1, 3, 0.6  
4025, 240, -697.784598102717, 556.46464815892, 10, 208.691511988465, 75, 5.38558740615393, 0.0436332312998582, 3.14159265358979,  0.785398, 0.200712863979348, 80, 87.53, 208.691511988465, 312.5, 0.200712863979348, 76.581, 76.581, 152.4, 38.1, 3, 0.6  
4026, 290, -556.46464815892, 697.784598102716, 10, 208.691511988465, 75, 5.60998688141034, 0.0436332312998582, 3.14159265358979,  0.785398, 0.200712863979348, 80, 87.53, 208.691511988465, 312.5, 0.200712863979348, 76.581, 76.581, 152.4, 38.1, 3, 0.6  
4027, 240, -387.24123716242, 804.114714602909, 10, 208.691511988465, 75, 5.83438635666676, 0.0436332312998582, 3.14159265358979,  0.785398, 0.200712863979348, 80, 87.53, 208.691511988465, 312.5, 0.200712863979348, 76.581, 76.581, 152.4, 38.1, 3, 0.6  
4028, 290, -198.599933556011, 870.123161622278, 10, 208.691511988465, 75, 6.05878583192317, 0.0436332312998582, 3.14159265358979,  0.785398, 0.200712863979348, 80, 87.53, 208.691511988465, 312.5, 0.200712863979348, 76.581, 76.581, 152.4, 38.1, 3, 0.6  
5001, -65, -226.41505030055, 991.989150645006, 10, 80.4098119668816, 115, -0.224399475256414, 0.0436332312998582, 3.14159265358979,  0.785398, 0.200712863979348, 80, 87.53, 80.4098119668816, 170, 0.200712863979348, 76.581, 76.581, 152.4, 38.1, 3, 0.6  
5002, 65, -151.650505834258, 1006.13536568407, 10, 80.4098119668816, 115, -0.149599650170943, 0.0436332312998582, 3.14159265358979,  0.785398, 0.200712863979348, 80, 87.53, 80.4098119668816, 170, 0.200712863979348, 76.581, 76.581, 152.4, 38.1, 3, 0.6  
5003, -65, -76.0378702241867, 1014.65486363185, 10, 80.4098119668816, 115, -0.0747998250854713, 0.0436332312998582, 3.14159265358979,  0.785398, 0.200712863979348, 80, 87.53, 80.4098119668816, 170, 0.200712863979348, 76.581, 76.581, 152.4, 38.1, 3, 0.6  
5004, 65, 226.41505030055, 991.989150645006, 10, 80.4098119668816, 115, 0.224399475256414, 0.0436332312998582, 3.14159265358979,  0.785398, 0.200712863979348, 80, 87.53, 80.4098119668816, 170, 0.200712863979348, 76.581, 76.581, 152.4, 38.1, 3, 0.6  
5005, -65, 299.913389963095, 972.295329887398, 10, 80.4098119668816, 115, 0.299199300341885, 0.0436332312998582, 3.14159265358979,  0.785398, 0.200712863979348, 80, 87.53, 80.4098119668816, 170, 0.200712863979348, 76.581, 76.581, 152.4, 38.1, 3, 0.6  
5006, 65, 371.734492292807, 947.164039245478, 10, 80.4098119668816, 115, 0.373999125427356, 0.0436332312998582, 3.14159265358979,  0.785398, 0.200712863979348, 80, 87.53, 80.4098119668816, 170, 0.200712863979348, 76.581, 76.581, 152.4, 38.1, 3, 0.6  
5007, -65, 634.400873391261, 795.51353341122, 10, 80.4098119668816, 115, 0.673198425769241, 0.0436332312998582, 3.14159265358979,  0.785398, 0.200712863979348, 80, 87.53, 80.4098119668816, 170, 0.200712863979348, 76.581, 76.581, 152.4, 38.1, 3, 0.6  
5008, 65, 692.07576068191, 745.880279586848, 10, 80.4098119668816, 115, 0.747998250854713, 0.0436332312998582, 3.14159265358979,  0.785398, 0.200712863979348, 80, 87.53, 80.4098119668816, 170, 0.200712863979348, 76.581, 76.581, 152.4, 38.1, 3, 0.6  
5009, -65, 745.880279586848, 692.075760681911, 10, 80.4098119668816, 115, 0.822798075940184, 0.0436332312998582, 3.14159265358979,  0.785398, 0.200712863979348, 80, 87.53, 80.4098119668816, 170, 0.200712863979348, 76.581, 76.581, 152.4, 38.1, 3, 0.6  
5010, 65, 916.735823090712, 441.476704552115, 10, 80.4098119668816, 115, 1.12199737628207, 0.0436332312998582, 3.14159265358979,  0.785398, 0.200712863979348, 80, 87.53, 80.4098119668816, 170, 0.200712863979348, 76.581, 76.581, 152.4, 38.1, 3, 0.6  
5011, -65, 947.164039245478, 371.734492292807, 10, 80.4098119668816, 115, 1.19679720136754, 0.0436332312998582, 3.14159265358979,  0.785398, 0.200712863979348, 80, 87.53, 80.4098119668816, 170, 0.200712863979348, 76.581, 76.581, 152.4, 38.1, 3, 0.6  
5012, 65, 972.295329887398, 299.913389963095, 10, 80.4098119668816, 115, 1.27159702645301, 0.0436332312998582, 3.14159265358979,  0.785398, 0.200712863979348, 80, 87.53, 80.4098119668816, 170, 0.200712863979348, 76.581, 76.581, 152.4, 38.1, 3, 0.6  
5013, -65, 1017.5, 6.23039059066216e-14, 10, 80.4098119668816, 115, 1.5707963267949, 0.0436332312998582, 3.14159265358979,  0.785398, 0.200712863979348, 80, 87.53, 80.4098119668816, 170, 0.200712863979348, 76.581, 76.581, 152.4, 38.1, 3, 0.6  
5014, 65, 1014.65486363185, -76.0378702241865, 10, 80.4098119668816, 115, 1.64559615188037, 0.0436332312998582, 3.14159265358979,  0.785398, 0.200712863979348, 80, 87.53, 80.4098119668816, 170, 0.200712863979348, 76.581, 76.581, 152.4, 38.1, 3, 0.6  
5015, -65, 1006.13536568407, -151.650505834257, 10, 80.4098119668816, 115, 1.72039597696584, 0.0436332312998582, 3.14159265358979,  0.785398, 0.200712863979348, 80, 87.53, 80.4098119668816, 170, 0.200712863979348, 76.581, 76.581, 152.4, 38.1, 3, 0.6  
5016, 65, 916.735823090712, -441.476704552115, 10, 80.4098119668816, 115, 2.01959527730772, 0.0436332312998582, 3.14159265358979,  0.785398, 0.200712863979348, 80, 87.53, 80.4098119668816, 170, 0.200712863979348, 76.581, 76.581, 152.4, 38.1, 3, 0.6  
5017, -65, 881.180848350666, -508.75, 10, 80.4098119668816, 115, 2.0943951023932, 0.0436332312998582, 3.14159265358979,  0.785398, 0.200712863979348, 80, 87.53, 80.4098119668816, 170, 0.200712863979348, 76.581, 76.581, 152.4, 38.1, 3, 0.6  
5018, 65, 840.697952866525, -573.178159079735, 10, 80.4098119668816, 115, 2.16919492747867, 0.0436332312998582, 3.14159265358979,  0.785398, 0.200712863979348, 80, 87.53, 80.4098119668816, 170, 0.200712863979348, 76.581, 76.581, 152.4, 38.1, 3, 0.6  
5019, -65, 634.400873391261, -795.51353341122, 10, 80.4098119668816, 115, 2.46839422782055, 0.0436332312998582, 3.14159265358979,  0.785398, 0.200712863979348, 80, 87.53, 80.4098119668816, 170, 0.200712863979348, 76.581, 76.581, 152.4, 38.1, 3, 0.6  
5020, 65, 573.178159079735, -840.697952866525, 10, 80.4098119668816, 115, 2.54319405290602, 0.0436332312998582, 3.14159265358979,  0.785398, 0.200712863979348, 80, 87.53, 80.4098119668816, 170, 0.200712863979348, 76.581, 76.581, 152.4, 38.1, 3, 0.6  
5021, -65, 508.75, -881.180848350666, 10, 80.4098119668816, 115, 2.61799387799149, 0.0436332312998582, 3.14159265358979,  0.785398, 0.200712863979348, 80, 87.53, 80.4098119668816, 170, 0.200712863979348, 76.581, 76.581, 152.4, 38.1, 3, 0.6  
5022, 65, 226.41505030055, -991.989150645006, 10, 80.4098119668816, 115, 2.91719317833338, 0.0436332312998582, 3.14159265358979,  0.785398, 0.200712863979348, 80, 87.53, 80.4098119668816, 170, 0.200712863979348, 76.581, 76.581, 152.4, 38.1, 3, 0.6  
5023, -65, 151.650505834258, -1006.13536568407, 10, 80.4098119668816, 115, 2.99199300341885, 0.0436332312998582, 3.14159265358979,  0.785398, 0.200712863979348, 80, 87.53, 80.4098119668816, 170, 0.200712863979348, 76.581, 76.581, 152.4, 38.1, 3, 0.6  
5024, 65, 76.0378702241871, -1014.65486363185, 10, 80.4098119668816, 115, 3.06679282850432, 0.0436332312998582, 3.14159265358979,  0.785398, 0.200712863979348, 80, 87.53, 80.4098119668816, 170, 0.200712863979348, 76.581, 76.581, 152.4, 38.1, 3, 0.6  
5025, -65, -226.41505030055, -991.989150645006, 10, 80.4098119668816, 115, 3.36599212884621, 0.0436332312998582, 3.14159265358979,  0.785398, 0.200712863979348, 80, 87.53, 80.4098119668816, 170, 0.200712863979348, 76.581, 76.581, 152.4, 38.1, 3, 0.6  
5026, 65, -299.913389963095, -972.295329887398, 10, 80.4098119668816, 115, 3.44079195393168, 0.0436332312998582, 3.14159265358979,  0.785398, 0.200712863979348, 80, 87.53, 80.4098119668816, 170, 0.200712863979348, 76.581, 76.581, 152.4, 38.1, 3, 0.6  
5027, -65, -371.734492292807, -947.164039245478, 10, 80.4098119668816, 115, 3.51559177901715, 0.0436332312998582, 3.14159265358979,  0.785398, 0.200712863979348, 80, 87.53, 80.4098119668816, 170, 0.200712863979348, 76.581, 76.581, 152.4, 38.1, 3, 0.6  
5028, 65, -634.400873391261, -795.51353341122, 10, 80.4098119668816, 115, 3.81479107935903, 0.0436332312998582, 3.14159265358979,  0.785398, 0.200712863979348, 80, 87.53, 80.4098119668816, 170, 0.200712863979348, 76.581, 76.581, 152.4, 38.1, 3, 0.6  
5029, -65, -692.075760681911, -745.880279586848, 10, 80.4098119668816, 115, 3.88959090444451, 0.0436332312998582, 3.14159265358979,  0.785398, 0.200712863979348, 80, 87.53, 80.4098119668816, 170, 0.200712863979348, 76.581, 76.581, 152.4, 38.1, 3, 0.6  
5030, 65, -745.880279586848, -692.07576068191, 10, 80.4098119668816, 115, 3.96439072952998, 0.0436332312998582, 3.14159265358979,  0.785398, 0.200712863979348, 80, 87.53, 80.4098119668816, 170, 0.200712863979348, 76.581, 76.581, 152.4, 38.1, 3, 0.6  
5031, -65, -916.735823090711, -441.476704552116, 10, 80.4098119668816, 115, 4.26359002987186, 0.0436332312998582, 3.14159265358979,  0.785398, 0.200712863979348, 80, 87.53, 80.4098119668816, 170, 0.200712863979348, 76.581, 76.581, 152.4, 38.1, 3, 0.6  
5032, 65, -947.164039245478, -371.734492292807, 10, 80.4098119668816, 115, 4.33838985495733, 0.0436332312998582, 3.14159265358979,  0.785398, 0.200712863979348, 80, 87.53, 80.4098119668816, 170, 0.200712863979348, 76.581, 76.581, 152.4, 38.1, 3, 0.6  
5033, -65, -972.295329887398, -299.913389963095, 10, 80.4098119668816, 115, 4.4131896800428, 0.0436332312998582, 3.14159265358979,  0.785398, 0.200712863979348, 80, 87.53, 80.4098119668816, 170, 0.200712863979348, 76.581, 76.581, 152.4, 38.1, 3, 0.6  
5034, 65, -1017.5, -1.86911717719865e-13, 10, 80.4098119668816, 115, 4.71238898038469, 0.0436332312998582, 3.14159265358979,  0.785398, 0.200712863979348, 80, 87.53, 80.4098119668816, 170, 0.200712863979348, 76.581, 76.581, 152.4, 38.1, 3, 0.6  
5035, -65, -1014.65486363185, 76.0378702241868, 10, 80.4098119668816, 115, 4.78718880547016, 0.0436332312998582, 3.14159265358979,  0.785398, 0.200712863979348, 80, 87.53, 80.4098119668816, 170, 0.200712863979348, 76.581, 76.581, 152.4, 38.1, 3, 0.6  
5036, 65, -1006.13536568407, 151.650505834257, 10, 80.4098119668816, 115, 4.86198863055563, 0.0436332312998582, 3.14159265358979,  0.785398, 0.200712863979348, 80, 87.53, 80.4098119668816, 170, 0.200712863979348, 76.581, 76.581, 152.4, 38.1, 3, 0.6  
5037, -65, -916.735823090712, 441.476704552115, 10, 80.4098119668816, 115, 5.16118793089752, 0.0436332312998582, 3.14159265358979,  0.785398, 0.200712863979348, 80, 87.53, 80.4098119668816, 170, 0.200712863979348, 76.581, 76.581, 152.4, 38.1, 3, 0.6  
5038, 65, -881.180848350667, 508.749999999999, 10, 80.4098119668816, 115, 5.23598775598299, 0.0436332312998582, 3.14159265358979,  0.785398, 0.200712863979348, 80, 87.53, 80.4098119668816, 170, 0.200712863979348, 76.581, 76.581, 152.4, 38.1, 3, 0.6  
5039, -65, -840.697952866525, 573.178159079736, 10, 80.4098119668816, 115, 5.31078758106846, 0.0436332312998582, 3.14159265358979,  0.785398, 0.200712863979348, 80, 87.53, 80.4098119668816, 170, 0.200712863979348, 76.581, 76.581, 152.4, 38.1, 3, 0.6  
5040, 65, -634.400873391262, 795.51353341122, 10, 80.4098119668816, 115, 5.60998688141034, 0.0436332312998582, 3.14159265358979,  0.785398, 0.200712863979348, 80, 87.53, 80.4098119668816, 170, 0.200712863979348, 76.581, 76.581, 152.4, 38.1, 3, 0.6  
5041, -65, -573.178159079736, 840.697952866524, 10, 80.4098119668816, 115, 5.68478670649582, 0.0436332312998582, 3.14159265358979,  0.785398, 0.200712863979348, 80, 87.53, 80.4098119668816, 170, 0.200712863979348, 76.581, 76.581, 152.4, 38.1, 3, 0.6  
5042, 65, -508.75, 881.180848350666, 10, 80.4098119668816, 115, 5.75958653158129, 0.0436332312998582, 3.14159265358979,  0.785398, 0.200712863979348, 80, 87.53, 80.4098119668816, 170, 0.200712863979348, 76.581, 76.581, 152.4, 38.1, 3, 0.6  
5101, -65, 0, 987.5, 10, 77.7918180888901, 105, 0, 0.0436332312998582, 3.14159265358979,  0.785398, 0.200712863979348, 80, 87.53, 77.7918180888901, 210, 0.200712863979348, 76.581, 76.581, 152.4, 38.1, 3, 0.6  
5102, 65, 73.795967416594, 984.738749716415, 10, 77.7918180888901, 105, 0.0747998250854713, 0.0436332312998582, 3.14159265358979,  0.785398, 0.200712863979348, 80, 87.53, 77.7918180888901, 210, 0.200712863979348, 76.581, 76.581, 152.4, 38.1, 3, 0.6  
5103, -65, 147.179237848972, 976.470440897314, 10, 77.7918180888901, 105, 0.149599650170943, 0.0436332312998582, 3.14159265358979,  0.785398, 0.200712863979348, 80, 87.53, 77.7918180888901, 210, 0.200712863979348, 76.581, 76.581, 152.4, 38.1, 3, 0.6  
5104, 65, 772.058588937179, 615.696179335499, 10, 77.7918180888901, 105, 0.897597901025655, 0.0436332312998582, 3.14159265358979,  0.785398, 0.200712863979348, 80, 87.53, 77.7918180888901, 210, 0.200712863979348, 76.581, 76.581, 152.4, 38.1, 3, 0.6  
5105, -65, 815.910789637045, 556.278557337827, 10, 77.7918180888901, 105, 0.972397726111127, 0.0436332312998582, 3.14159265358979,  0.785398, 0.200712863979348, 80, 87.53, 77.7918180888901, 210, 0.200712863979348, 76.581, 76.581, 152.4, 38.1, 3, 0.6  
5106, 65, 855.200086237133, 493.75, 10, 77.7918180888901, 105, 1.0471975511966, 0.0436332312998582, 3.14159265358979,  0.785398, 0.200712863979348, 80, 87.53, 77.7918180888901, 210, 0.200712863979348, 76.581, 76.581, 152.4, 38.1, 3, 0.6  
5107, -65, 962.741313279551, -219.73942228186, 10, 77.7918180888901, 105, 1.79519580205131, 0.0436332312998582, 3.14159265358979,  0.785398, 0.200712863979348, 80, 87.53, 77.7918180888901, 210, 0.200712863979348, 76.581, 76.581, 152.4, 38.1, 3, 0.6  
5108, 65, 943.628145713814, -291.070734730768, 10, 77.7918180888901, 105, 1.86999562713678, 0.0436332312998582, 3.14159265358979,  0.785398, 0.200712863979348, 80, 87.53, 77.7918180888901, 210, 0.200712863979348, 76.581, 76.581, 152.4, 38.1, 3, 0.6  
5109, -65, 919.237826786152, -360.774261561815, 10, 77.7918180888901, 105, 1.94479545222225, 0.0436332312998582, 3.14159265358979,  0.785398, 0.200712863979348, 80, 87.53, 77.7918180888901, 210, 0.200712863979348, 76.581, 76.581, 152.4, 38.1, 3, 0.6  
5110, 65, 428.460192378589, -889.706757053639, 10, 77.7918180888901, 105, 2.69279370307697, 0.0436332312998582, 3.14159265358979,  0.785398, 0.200712863979348, 80, 87.53, 77.7918180888901, 210, 0.200712863979348, 76.581, 76.581, 152.4, 38.1, 3, 0.6  
5111, -65, 360.774261561815, -919.237826786152, 10, 77.7918180888901, 105, 2.76759352816244, 0.0436332312998582, 3.14159265358979,  0.785398, 0.200712863979348, 80, 87.53, 77.7918180888901, 210, 0.200712863979348, 76.581, 76.581, 152.4, 38.1, 3, 0.6  
5112, 65, 291.070734730768, -943.628145713814, 10, 77.7918180888901, 105, 2.84239335324791, 0.0436332312998582, 3.14159265358979,  0.785398, 0.200712863979348, 80, 87.53, 77.7918180888901, 210, 0.200712863979348, 76.581, 76.581, 152.4, 38.1, 3, 0.6  
5113, -65, -428.460192378589, -889.706757053639, 10, 77.7918180888901, 105, 3.59039160410262, 0.0436332312998582, 3.14159265358979,  0.785398, 0.200712863979348, 80, 87.53, 77.7918180888901, 210, 0.200712863979348, 76.581, 76.581, 152.4, 38.1, 3, 0.6  
5114, 65, -493.75, -855.200086237133, 10, 77.7918180888901, 105, 3.66519142918809, 0.0436332312998582, 3.14159265358979,  0.785398, 0.200712863979348, 80, 87.53, 77.7918180888901, 210, 0.200712863979348, 76.581, 76.581, 152.4, 38.1, 3, 0.6  
5115, -65, -556.278557337827, -815.910789637045, 10, 77.7918180888901, 105, 3.73999125427356, 0.0436332312998582, 3.14159265358979,  0.785398, 0.200712863979348, 80, 87.53, 77.7918180888901, 210, 0.200712863979348, 76.581, 76.581, 152.4, 38.1, 3, 0.6  
5116, 65, -962.741313279551, -219.739422281861, 10, 77.7918180888901, 105, 4.48798950512828, 0.0436332312998582, 3.14159265358979,  0.785398, 0.200712863979348, 80, 87.53, 77.7918180888901, 210, 0.200712863979348, 76.581, 76.581, 152.4, 38.1, 3, 0.6  
5117, -65, -976.470440897314, -147.179237848972, 10, 77.7918180888901, 105, 4.56278933021375, 0.0436332312998582, 3.14159265358979,  0.785398, 0.200712863979348, 80, 87.53, 77.7918180888901, 210, 0.200712863979348, 76.581, 76.581, 152.4, 38.1, 3, 0.6  
5118, 65, -984.738749716415, -73.7959674165944, 10, 77.7918180888901, 105, 4.63758915529922, 0.0436332312998582, 3.14159265358979,  0.785398, 0.200712863979348, 80, 87.53, 77.7918180888901, 210, 0.200712863979348, 76.581, 76.581, 152.4, 38.1, 3, 0.6  
5119, -65, -772.05858893718, 615.696179335499, 10, 77.7918180888901, 105, 5.38558740615393, 0.0436332312998582, 3.14159265358979,  0.785398, 0.200712863979348, 80, 87.53, 77.7918180888901, 210, 0.200712863979348, 76.581, 76.581, 152.4, 38.1, 3, 0.6  
5120, 65, -723.888723431954, 671.670578548782, 10, 77.7918180888901, 105, 5.4603872312394, 0.0436332312998582, 3.14159265358979,  0.785398, 0.200712863979348, 80, 87.53, 77.7918180888901, 210, 0.200712863979348, 76.581, 76.581, 152.4, 38.1, 3, 0.6  
5121, -65, -671.670578548783, 723.888723431954, 10, 77.7918180888901, 105, 5.53518705632487, 0.0436332312998582, 3.14159265358979,  0.785398, 0.200712863979348, 80, 87.53, 77.7918180888901, 210, 0.200712863979348, 76.581, 76.581, 152.4, 38.1, 3, 0.6  
5201, -65, 446.900251291085, 927.997933939492, 10, 82.2798075940184, 140, 0.448798950512828, 0.0436332312998582, 3.14159265358979,  0.785398, 0.200712863979348, 80, 87.53, 82.2798075940184, 150, 0.200712863979348, 76.581, 76.581, 152.4, 38.1, 3, 0.6  
5202, 65, 515, 892.006165897972, 10, 82.2798075940184, 140, 0.523598775598299, 0.0436332312998582, 3.14159265358979,  0.785398, 0.200712863979348, 80, 87.53, 82.2798075940184, 150, 0.200712863979348, 76.581, 76.581, 152.4, 38.1, 3, 0.6  
5203, -65, 580.219659805531, 851.025937545475, 10, 82.2798075940184, 140, 0.59839860068377, 0.0436332312998582, 3.14159265358979,  0.785398, 0.200712863979348, 80, 87.53, 82.2798075940184, 150, 0.200712863979348, 76.581, 76.581, 152.4, 38.1, 3, 0.6  
5204, 65, 1004.17574954728, 229.196561975004, 10, 82.2798075940184, 140, 1.34639685153848, 0.0436332312998582, 3.14159265358979,  0.785398, 0.200712863979348, 80, 87.53, 82.2798075940184, 150, 0.200712863979348, 76.581, 76.581, 152.4, 38.1, 3, 0.6  
5205, -65, 1018.49575101188, 153.51353416146, 10, 82.2798075940184, 140, 1.42119667662395, 0.0436332312998582, 3.14159265358979,  0.785398, 0.200712863979348, 80, 87.53, 82.2798075940184, 150, 0.200712863979348, 76.581, 76.581, 152.4, 38.1, 3, 0.6  
5206, 65, 1027.11991109662, 76.9719963940171, 10, 82.2798075940184, 140, 1.49599650170943, 0.0436332312998582, 3.14159265358979,  0.785398, 0.200712863979348, 80, 87.53, 82.2798075940184, 150, 0.200712863979348, 76.581, 76.581, 152.4, 38.1, 3, 0.6  
5207, -65, 805.286426942071, -642.194495914496, 10, 82.2798075940184, 140, 2.24399475256414, 0.0436332312998582, 3.14159265358979,  0.785398, 0.200712863979348, 80, 87.53, 82.2798075940184, 150, 0.200712863979348, 76.581, 76.581, 152.4, 38.1, 3, 0.6  
5208, 65, 755.043427984721, -700.577919904047, 10, 82.2798075940184, 140, 2.31879457764961, 0.0436332312998582, 3.14159265358979,  0.785398, 0.200712863979348, 80, 87.53, 82.2798075940184, 150, 0.200712863979348, 76.581, 76.581, 152.4, 38.1, 3, 0.6  
5209, -65, 700.577919904047, -755.043427984721, 10, 82.2798075940184, 140, 2.39359440273508, 0.0436332312998582, 3.14159265358979,  0.785398, 0.200712863979348, 80, 87.53, 82.2798075940184, 150, 0.200712863979348, 76.581, 76.581, 152.4, 38.1, 3, 0.6  
5210, 65, 1.26138620312177e-13, -1030, 10, 82.2798075940184, 140, 3.14159265358979, 0.0436332312998582, 3.14159265358979,  0.785398, 0.200712863979348, 80, 87.53, 82.2798075940184, 150, 0.200712863979348, 76.581, 76.581, 152.4, 38.1, 3, 0.6  
5211, -65, -76.9719963940167, -1027.11991109662, 10, 82.2798075940184, 140, 3.21639247867526, 0.0436332312998582, 3.14159265358979,  0.785398, 0.200712863979348, 80, 87.53, 82.2798075940184, 150, 0.200712863979348, 76.581, 76.581, 152.4, 38.1, 3, 0.6  
5212, 65, -153.513534161459, -1018.49575101188, 10, 82.2798075940184, 140, 3.29119230376074, 0.0436332312998582, 3.14159265358979,  0.785398, 0.200712863979348, 80, 87.53, 82.2798075940184, 150, 0.200712863979348, 76.581, 76.581, 152.4, 38.1, 3, 0.6  
5213, -65, -805.286426942071, -642.194495914496, 10, 82.2798075940184, 140, 4.03919055461545, 0.0436332312998582, 3.14159265358979,  0.785398, 0.200712863979348, 80, 87.53, 82.2798075940184, 150, 0.200712863979348, 76.581, 76.581, 152.4, 38.1, 3, 0.6  
5214, 65, -851.025937545475, -580.219659805531, 10, 82.2798075940184, 140, 4.11399037970092, 0.0436332312998582, 3.14159265358979,  0.785398, 0.200712863979348, 80, 87.53, 82.2798075940184, 150, 0.200712863979348, 76.581, 76.581, 152.4, 38.1, 3, 0.6  
5215, -65, -892.006165897972, -515, 10, 82.2798075940184, 140, 4.18879020478639, 0.0436332312998582, 3.14159265358979,  0.785398, 0.200712863979348, 80, 87.53, 82.2798075940184, 150, 0.200712863979348, 76.581, 76.581, 152.4, 38.1, 3, 0.6  
5216, 65, -1004.17574954728, 229.196561975004, 10, 82.2798075940184, 140, 4.9367884556411, 0.0436332312998582, 3.14159265358979,  0.785398, 0.200712863979348, 80, 87.53, 82.2798075940184, 150, 0.200712863979348, 76.581, 76.581, 152.4, 38.1, 3, 0.6  
5217, -65, -984.239989959725, 303.597829643231, 10, 82.2798075940184, 140, 5.01158828072658, 0.0436332312998582, 3.14159265358979,  0.785398, 0.200712863979348, 80, 87.53, 82.2798075940184, 150, 0.200712863979348, 76.581, 76.581, 152.4, 38.1, 3, 0.6  
5218, 65, -958.79996110353, 376.301255097387, 10, 82.2798075940184, 140, 5.08638810581205, 0.0436332312998582, 3.14159265358979,  0.785398, 0.200712863979348, 80, 87.53, 82.2798075940184, 150, 0.200712863979348, 76.581, 76.581, 152.4, 38.1, 3, 0.6  
5219, -65, -446.900251291085, 927.997933939492, 10, 82.2798075940184, 140, 5.83438635666676, 0.0436332312998582, 3.14159265358979,  0.785398, 0.200712863979348, 80, 87.53, 82.2798075940184, 150, 0.200712863979348, 76.581, 76.581, 152.4, 38.1, 3, 0.6  
5220, 65, -376.301255097387, 958.79996110353, 10, 82.2798075940184, 140, 5.90918618175223, 0.0436332312998582, 3.14159265358979,  0.785398, 0.200712863979348, 80, 87.53, 82.2798075940184, 150, 0.200712863979348, 76.581, 76.581, 152.4, 38.1, 3, 0.6  
5221, -65, -303.597829643232, 984.239989959725, 10, 82.2798075940184, 140, 5.9839860068377, 0.0436332312998582, 3.14159265358979,  0.785398, 0.200712863979348, 80, 87.53, 82.2798075940184, 150, 0.200712863979348, 76.581, 76.581, 152.4, 38.1, 3, 0.6  
6001, -250, 0, 1150, 10, 269.279370307697, 100, 0, 0.0436332312998582, 3.14159265358979,  0.785398, 0.200712863979348, 80, 87.53, 269.279370307697, 75, 0.200712863979348, 76.581, 76.581, 152.4, 38.1, 3, 0.6  
6002, -220, 255.899074049762, 1121.1670990091, 10, 269.279370307697, 100, 0.224399475256414, 0.0436332312998582, 3.14159265358979,  0.785398, 0.200712863979348, 80, 87.53, 269.279370307697, 75, 0.200712863979348, 76.581, 76.581, 152.4, 38.1, 3, 0.6  
6003, -250, 498.966299985192, 1036.11419808778, 10, 269.279370307697, 100, 0.448798950512828, 0.0436332312998582, 3.14159265358979,  0.785398, 0.200712863979348, 80, 87.53, 269.279370307697, 75, 0.200712863979348, 76.581, 76.581, 152.4, 38.1, 3, 0.6  
6004, -220, 717.013272137543, 899.106204838234, 10, 269.279370307697, 100, 0.673198425769241, 0.0436332312998582, 3.14159265358979,  0.785398, 0.200712863979348, 80, 87.53, 269.279370307697, 75, 0.200712863979348, 76.581, 76.581, 152.4, 38.1, 3, 0.6  
6005, -250, 899.106204838234, 717.013272137544, 10, 269.279370307697, 100, 0.897597901025655, 0.0436332312998582, 3.14159265358979,  0.785398, 0.200712863979348, 80, 87.53, 269.279370307697, 75, 0.200712863979348, 76.581, 76.581, 152.4, 38.1, 3, 0.6  
6006, -220, 1036.11419808778, 498.966299985192, 10, 269.279370307697, 100, 1.12199737628207, 0.0436332312998582, 3.14159265358979,  0.785398, 0.200712863979348, 80, 87.53, 269.279370307697, 75, 0.200712863979348, 76.581, 76.581, 152.4, 38.1, 3, 0.6  
6007, -250, 1121.1670990091, 255.899074049762, 10, 269.279370307697, 100, 1.34639685153848, 0.0436332312998582, 3.14159265358979,  0.785398, 0.200712863979348, 80, 87.53, 269.279370307697, 75, 0.200712863979348, 76.581, 76.581, 152.4, 38.1, 3, 0.6  
6008, -220, 1150, 7.04171909509728e-14, 10, 269.279370307697, 100, 1.5707963267949, 0.0436332312998582, 3.14159265358979,  0.785398, 0.200712863979348, 80, 87.53, 269.279370307697, 75, 0.200712863979348, 76.581, 76.581, 152.4, 38.1, 3, 0.6  
6009, -250, 1121.1670990091, -255.899074049761, 10, 269.279370307697, 100, 1.79519580205131, 0.0436332312998582, 3.14159265358979,  0.785398, 0.200712863979348, 80, 87.53, 269.279370307697, 75, 0.200712863979348, 76.581, 76.581, 152.4, 38.1, 3, 0.6  
6010, -220, 1036.11419808778, -498.966299985192, 10, 269.279370307697, 100, 2.01959527730772, 0.0436332312998582, 3.14159265358979,  0.785398, 0.200712863979348, 80, 87.53, 269.279370307697, 75, 0.200712863979348, 76.581, 76.581, 152.4, 38.1, 3, 0.6  
6011, -250, 899.106204838234, -717.013272137543, 10, 269.279370307697, 100, 2.24399475256414, 0.0436332312998582, 3.14159265358979,  0.785398, 0.200712863979348, 80, 87.53, 269.279370307697, 75, 0.200712863979348, 76.581, 76.581, 152.4, 38.1, 3, 0.6  
6012, -220, 717.013272137544, -899.106204838234, 10, 269.279370307697, 100, 2.46839422782055, 0.0436332312998582, 3.14159265358979,  0.785398, 0.200712863979348, 80, 87.53, 269.279370307697, 75, 0.200712863979348, 76.581, 76.581, 152.4, 38.1, 3, 0.6  
6013, -250, 498.966299985192, -1036.11419808778, 10, 269.279370307697, 100, 2.69279370307697, 0.0436332312998582, 3.14159265358979,  0.785398, 0.200712863979348, 80, 87.53, 269.279370307697, 75, 0.200712863979348, 76.581, 76.581, 152.4, 38.1, 3, 0.6  
6014, -220, 255.899074049761, -1121.1670990091, 10, 269.279370307697, 100, 2.91719317833338, 0.0436332312998582, 3.14159265358979,  0.785398, 0.200712863979348, 80, 87.53, 269.279370307697, 75, 0.200712863979348, 76.581, 76.581, 152.4, 38.1, 3, 0.6  
6015, -250, 1.40834381901946e-13, -1150, 10, 269.279370307697, 100, 3.14159265358979, 0.0436332312998582, 3.14159265358979,  0.785398, 0.200712863979348, 80, 87.53, 269.279370307697, 75, 0.200712863979348, 76.581, 76.581, 152.4, 38.1, 3, 0.6  
6016, -220, -255.899074049761, -1121.1670990091, 10, 269.279370307697, 100, 3.36599212884621, 0.0436332312998582, 3.14159265358979,  0.785398, 0.200712863979348, 80, 87.53, 269.279370307697, 75, 0.200712863979348, 76.581, 76.581, 152.4, 38.1, 3, 0.6  
6017, -250, -498.966299985192, -1036.11419808778, 10, 269.279370307697, 100, 3.59039160410262, 0.0436332312998582, 3.14159265358979,  0.785398, 0.200712863979348, 80, 87.53, 269.279370307697, 75, 0.200712863979348, 76.581, 76.581, 152.4, 38.1, 3, 0.6  
6018, -220, -717.013272137544, -899.106204838234, 10, 269.279370307697, 100, 3.81479107935903, 0.0436332312998582, 3.14159265358979,  0.785398, 0.200712863979348, 80, 87.53, 269.279370307697, 75, 0.200712863979348, 76.581, 76.581, 152.4, 38.1, 3, 0.6  
6019, -250, -899.106204838234, -717.013272137544, 10, 269.279370307697, 100, 4.03919055461545, 0.0436332312998582, 3.14159265358979,  0.785398, 0.200712863979348, 80, 87.53, 269.279370307697, 75, 0.200712863979348, 76.581, 76.581, 152.4, 38.1, 3, 0.6  
6020, -220, -1036.11419808778, -498.966299985192, 10, 269.279370307697, 100, 4.26359002987186, 0.0436332312998582, 3.14159265358979,  0.785398, 0.200712863979348, 80, 87.53, 269.279370307697, 75, 0.200712863979348, 76.581, 76.581, 152.4, 38.1, 3, 0.6  
6021, -250, -1121.1670990091, -255.899074049762, 10, 269.279370307697, 100, 4.48798950512828, 0.0436332312998582, 3.14159265358979,  0.785398, 0.200712863979348, 80, 87.53, 269.279370307697, 75, 0.200712863979348, 76.581, 76.581, 152.4, 38.1, 3, 0.6  
6022, -220, -1150, -2.11251572852918e-13, 10, 269.279370307697, 100, 4.71238898038469, 0.0436332312998582, 3.14159265358979,  0.785398, 0.200712863979348, 80, 87.53, 269.279370307697, 75, 0.200712863979348, 76.581, 76.581, 152.4, 38.1, 3, 0.6  
6023, -250, -1121.1670990091, 255.89907404976, 10, 269.279370307697, 100, 4.9367884556411, 0.0436332312998582, 3.14159265358979,  0.785398, 0.200712863979348, 80, 87.53, 269.279370307697, 75, 0.200712863979348, 76.581, 76.581, 152.4, 38.1, 3, 0.6  
6024, -220, -1036.11419808778, 498.966299985192, 10, 269.279370307697, 100, 5.16118793089752, 0.0436332312998582, 3.14159265358979,  0.785398, 0.200712863979348, 80, 87.53, 269.279370307697, 75, 0.200712863979348, 76.581, 76.581, 152.4, 38.1, 3, 0.6  
6025, -250, -899.106204838234, 717.013272137543, 10, 269.279370307697, 100, 5.38558740615393, 0.0436332312998582, 3.14159265358979,  0.785398, 0.200712863979348, 80, 87.53, 269.279370307697, 75, 0.200712863979348, 76.581, 76.581, 152.4, 38.1, 3, 0.6  
6026, -220, -717.013272137544, 899.106204838234, 10, 269.279370307697, 100, 5.60998688141034, 0.0436332312998582, 3.14159265358979,  0.785398, 0.200712863979348, 80, 87.53, 269.279370307697, 75, 0.200712863979348, 76.581, 76.581, 152.4, 38.1, 3, 0.6  
6027, -250, -498.966299985191, 1036.11419808778, 10, 269.279370307697, 100, 5.83438635666676, 0.0436332312998582, 3.14159265358979,  0.785398, 0.200712863979348, 80, 87.53, 269.279370307697, 75, 0.200712863979348, 76.581, 76.581, 152.4, 38.1, 3, 0.6  
6028, -220, -255.899074049762, 1121.1670990091, 10, 269.279370307697, 100, 6.05878583192317, 0.0436332312998582, 3.14159265358979,  0.785398, 0.200712863979348, 80, 87.53, 269.279370307697, 75, 0.200712863979348, 76.581, 76.581, 152.4, 38.1, 3, 0.6  
